Nummer,Übungs-ID,Phase,Zuordnungsquelle
1,vf-abs_bar_knee_raise_hanging,1,Original-CSV
2,vf-abs_bar_knee_raise_hanging,2,Original-CSV
3,vf-abs_bar_knee_raise_rest_on_arms,1,Original-CSV
4,vf-abs_bar_knee_raise_rest_on_arms,2,Original-CSV
5,vf-abs_bar_leg_raise_hanging,1,Original-CSV
6,vf-abs_bar_leg_raise_hanging,2,Original-CSV
7,vf-abs_bar_leg_raise_rest_on_arms,1,Original-CSV
8,vf-abs_bar_leg_raise_rest_on_arms,2,Original-CSV
9,vf-abs_barbell_roller_kneeling,1,Original-CSV
10,vf-abs_barbell_roller_kneeling,2,Original-CSV
11,vf-abs_barbell_side_bend_standing,1,Original-CSV
12,vf-abs_barbell_side_bend_standing,2,Original-CSV
13,vf-abs_barbell_twist_torso_standing,1,Original-CSV
14,vf-abs_barbell_twist_torso_standing,2,Original-CSV
15,vf-abs_bench_crunch_decline_bent_legs,1,Original-CSV
16,vf-abs_bench_crunch_decline_bent_legs,2,Original-CSV
17,vf-abs_bench_side_crunch_incline,1,Original-CSV
18,vf-abs_bench_situp_decline_bent_legs,1,Original-CSV
19,vf-abs_bench_situp_decline_bent_legs,2,Original-CSV
20,vf-abs_dumbbell_side_bend_standing,1,Original-CSV
21,vf-abs_dumbbell_side_bend_standing,2,Original-CSV
22,vf-abs_high_cable_crunch_seated,1,Original-CSV
23,vf-abs_high_cable_crunch_seated,2,Original-CSV
24,vf-abs_high_cable_crunch_standing,1,Original-CSV
25,vf-abs_high_cable_crunch_standing,2,Original-CSV
26,vf-abs_low_cable_side_bend_standing,1,Original-CSV
27,vf-abs_low_cable_side_bend_standing,2,Original-CSV
28,vf-abs_machine_crunch_seated,1,Original-CSV
29,vf-abs_machine_crunch_seated,2,Original-CSV
30,vf-abs_machine_side_crunch_seated,1,Original-CSV
31,vf-abs_machine_side_crunch_seated,2,Original-CSV
32,vf-abs_mat_alternate_heel_touchers_lying,1,Original-CSV
33,vf-abs_mat_alternate_heel_touchers_lying,2,Original-CSV
34,vf-abs_mat_crunch_lying_bent_legs,1,Original-CSV
35,vf-abs_mat_crunch_lying_bent_legs,2,Original-CSV
36,vf-abs_mat_crunch_lying_raised_legs,1,Original-CSV
37,vf-abs_mat_crunch_lying_raised_legs,2,Original-CSV
38,vf-abs_mat_cycle_crunch_lying,1,Original-CSV
39,vf-abs_mat_cycle_crunch_lying,2,Original-CSV
40,vf-abs_mat_cycle_twist_crunch_lying,1,Original-CSV
41,vf-abs_mat_cycle_twist_crunch_lying,2,Original-CSV
42,vf-abs_mat_flatter_kick_lying,1,Original-CSV
43,vf-abs_mat_flatter_kick_lying,2,Original-CSV
44,vf-abs_mat_jackknife_situp_lying,1,Original-CSV
45,vf-abs_mat_jackknife_situp_lying,2,Original-CSV
46,vf-abs_mat_leg_pullin_lying,1,Original-CSV
47,vf-abs_mat_leg_pullin_lying,2,Original-CSV
48,vf-abs_mat_leg_raise_lying,1,Original-CSV
49,vf-abs_mat_leg_raise_lying,2,Original-CSV
50,vf-abs_mat_pelvic_lift_lying_bent_legs,1,Original-CSV
51,vf-abs_mat_pelvic_lift_lying_bent_legs,2,Original-CSV
52,vf-abs_mat_pelvic_lift_lying_raised_legs,1,Original-CSV
53,vf-abs_mat_pelvic_lift_lying_raised_legs,2,Original-CSV
54,vf-abs_mat_planks_rest_on_arms,1,Original-CSV
55,vf-abs_mat_reverse_crunch_lying_raised_legs,1,Original-CSV
56,vf-abs_mat_reverse_crunch_lying_raised_legs,2,Original-CSV
57,vf-abs_mat_side_crunch_lying,1,Original-CSV
58,vf-abs_mat_side_crunch_lying,2,Original-CSV
59,vf-abs_mat_side_hip_raise_lying,1,Original-CSV
60,vf-abs_mat_situp_lying_bent_legs,1,Original-CSV
61,vf-abs_mat_situp_lying_bent_legs,2,Original-CSV
62,vf-abs_mat_situp_lying_raised_legs,1,Original-CSV
63,vf-abs_mat_situp_lying_raised_legs,2,Original-CSV
64,vf-abs_mat_supported_crunch_lying,1,Original-CSV
65,vf-abs_mat_supported_crunch_lying,2,Original-CSV
66,vf-abs_mat_supported_side_crunch_lying,1,Original-CSV
67,vf-abs_mat_supported_side_crunch_lying,2,Original-CSV
68,vf-abs_mat_toe_touchers_lying_raised_legs,1,Original-CSV
69,vf-abs_mat_toe_touchers_lying_raised_legs,2,Original-CSV
70,vf-abs_mat_twist_situp_lying_bent_legs,1,Original-CSV
71,vf-abs_mat_twist_situp_lying_bent_legs,2,Original-CSV
72,vf-abs_mat_twist_situp_lying_raise_bent,1,Original-CSV
73,vf-abs_mat_twist_situp_lying_raise_bent,2,Original-CSV
74,vf-aerobic_abs,1,Original-CSV
75,vf-aerobic_abs,2,Original-CSV
76,vf-biceps_bar_pullups_close_overhand_grip,1,Original-CSV
77,vf-biceps_bar_pullups_close_overhand_grip,2,Original-CSV
78,vf-biceps_bar_pullups_close_underhand_grip,1,Original-CSV
79,vf-biceps_bar_pullups_close_underhand_grip,2,Original-CSV
80,vf-biceps_barbell_curl_standing_close_grip,1,Original-CSV
81,vf-biceps_barbell_curl_standing_close_grip,2,Original-CSV
82,vf-biceps_barbell_curl_standing_medium_grip,1,Original-CSV
83,vf-biceps_barbell_curl_standing_medium_grip,2,Original-CSV
84,vf-biceps_barbell_curl_standing_wide_grip,1,Original-CSV
85,vf-biceps_barbell_curl_standing_wide_grip,2,Original-CSV
86,vf-biceps_bench_barbell_curl_lying_incline,1,Original-CSV
87,vf-biceps_bench_barbell_curl_lying_incline,2,Original-CSV
88,vf-biceps_bench_dumbbell_alternate_curl_seated_incline,1,Original-CSV
89,vf-biceps_bench_dumbbell_alternate_curl_seated_incline,2,Original-CSV
90,vf-biceps_bench_dumbbell_alternate_hammer_curl_seated_incline,1,Original-CSV
91,vf-biceps_bench_dumbbell_alternate_hammer_curl_seated_incline,2,Original-CSV
92,vf-biceps_bench_dumbbell_concentration_curl_seated,1,Original-CSV
93,vf-biceps_bench_dumbbell_concentration_curl_seated,2,Original-CSV
94,vf-biceps_bench_dumbbell_curl_lying_incline,1,Original-CSV
95,vf-biceps_bench_dumbbell_curl_lying_incline,2,Original-CSV
96,vf-biceps_bench_dumbbell_curl_seated_incline,1,Original-CSV
97,vf-biceps_bench_dumbbell_curl_seated_incline,2,Original-CSV
98,vf-biceps_bench_dumbbell_hammer_curl_seated_incline,1,Original-CSV
99,vf-biceps_bench_dumbbell_hammer_curl_seated_incline,2,Original-CSV
100,vf-biceps_bench_dumbbell_single_arm_curl_standing,1,Original-CSV
101,vf-biceps_bench_dumbbell_single_arm_curl_standing,2,Original-CSV
102,vf-biceps_dumbbell_alternate_curl_standing,1,Original-CSV
103,vf-biceps_dumbbell_alternate_curl_standing,2,Original-CSV
104,vf-biceps_dumbbell_alternate_hammer_curl_standing,1,Original-CSV
105,vf-biceps_dumbbell_alternate_hammer_curl_standing,2,Original-CSV
106,vf-biceps_dumbbell_crossbody_curl_standing,1,Original-CSV
107,vf-biceps_dumbbell_crossbody_curl_standing,2,Original-CSV
108,vf-biceps_dumbbell_crossbody_hammer_curl_standing,1,Original-CSV
109,vf-biceps_dumbbell_crossbody_hammer_curl_standing,2,Original-CSV
110,vf-biceps_dumbbell_curl_standing,1,Original-CSV
111,vf-biceps_dumbbell_curl_standing,2,Original-CSV
112,vf-biceps_dumbbell_hammer_curl_standing,1,Original-CSV
113,vf-biceps_dumbbell_hammer_curl_standing,2,Original-CSV
114,vf-biceps_dumbbell_zottman_curl_standing,1,Original-CSV
115,vf-biceps_dumbbell_zottman_curl_standing,2,Original-CSV
116,vf-biceps_ezbar_curl_standing_close_grip,1,Original-CSV
117,vf-biceps_ezbar_curl_standing_close_grip,2,Original-CSV
118,vf-biceps_ezbar_curl_standing_medium_grip,1,Original-CSV
119,vf-biceps_ezbar_curl_standing_medium_grip,2,Original-CSV
120,vf-biceps_ezbar_curl_standing_wide_grip,1,Original-CSV
121,vf-biceps_ezbar_curl_standing_wide_grip,2,Original-CSV
122,vf-biceps_high_bench_barbell_curl_lying,1,Original-CSV
123,vf-biceps_high_bench_barbell_curl_lying,2,Original-CSV
124,vf-biceps_high_bench_dumbbell_curl_lying,1,Original-CSV
125,vf-biceps_high_bench_dumbbell_curl_lying,2,Original-CSV
126,vf-biceps_high_cable_bench_curl_lying,1,Original-CSV
127,vf-biceps_high_cable_bench_curl_lying,2,Original-CSV
128,vf-biceps_high_cable_overhead_curl_standing,1,Original-CSV
129,vf-biceps_high_cable_overhead_curl_standing,2,Original-CSV
130,vf-biceps_low_cable_battle_ropes_standing,1,Original-CSV
131,vf-biceps_low_cable_battle_ropes_standing,2,Original-CSV
132,vf-biceps_low_cable_bench_concentration_curl_seated,1,Original-CSV
133,vf-biceps_low_cable_bench_concentration_curl_seated,2,Original-CSV
134,vf-biceps_low_cable_bench_curl_seated_incline,1,Original-CSV
135,vf-biceps_low_cable_bench_curl_seated_incline,2,Original-CSV
136,vf-biceps_low_cable_curl_standing,1,Original-CSV
137,vf-biceps_low_cable_curl_standing,2,Original-CSV
138,vf-biceps_low_cable_mat_curl_lying,1,Original-CSV
139,vf-biceps_low_cable_mat_curl_lying,2,Original-CSV
140,vf-biceps_low_cable_robe_curl_standing,1,Original-CSV
141,vf-biceps_low_cable_robe_curl_standing,2,Original-CSV
142,vf-biceps_machine_curl_seated,1,Original-CSV
143,vf-biceps_machine_curl_seated,2,Original-CSV
144,vf-biceps_scott_machine_cable_curl_seated,1,Original-CSV
145,vf-biceps_scott_machine_cable_curl_seated,2,Original-CSV
146,vf-biceps_scott_machine_curl_seated,1,Original-CSV
147,vf-biceps_scott_machine_curl_seated,2,Original-CSV
148,vf-biceps_scott_machine_dumbbell_curl_seated,1,Original-CSV
149,vf-biceps_scott_machine_dumbbell_curl_seated,2,Original-CSV
150,vf-biceps_scott_machine_dumbbell_hammer_curl_seated,1,Original-CSV
151,vf-biceps_scott_machine_dumbbell_hammer_curl_seated,2,Original-CSV
152,vf-biceps_scott_machine_ezbar_curl_seated,1,Original-CSV
153,vf-biceps_scott_machine_ezbar_curl_seated,2,Original-CSV
154,vf-calves_barbell_rocking_seated,1,Original-CSV
155,vf-calves_barbell_rocking_seated,2,Original-CSV
156,vf-calves_barbell_rocking_standing,1,Original-CSV
157,vf-calves_barbell_rocking_standing,2,Original-CSV
158,vf-calves_donkey_rocking_bent_over,1,Original-CSV
159,vf-calves_donkey_rocking_bent_over,2,Original-CSV
160,vf-calves_dumbbell_rocking_standing,1,Original-CSV
161,vf-calves_dumbbell_rocking_standing,2,Original-CSV
162,vf-calves_machine_leg_press_rocking_incline_close_feet,1,Original-CSV
163,vf-calves_machine_leg_press_rocking_incline_close_feet,2,Original-CSV
164,vf-calves_machine_leg_press_rocking_incline_wide_feet,1,Original-CSV
165,vf-calves_machine_leg_press_rocking_incline_wide_feet,2,Original-CSV
166,vf-calves_machine_rocking_seated,1,Original-CSV
167,vf-calves_machine_rocking_seated,2,Original-CSV
168,vf-calves_machine_rocking_standing,1,Original-CSV
169,vf-calves_machine_rocking_standing,2,Original-CSV
170,vf-calves_smith_machine_rocking_standing,1,Original-CSV
171,vf-calves_smith_machine_rocking_standing,2,Original-CSV
172,vf-calves_smith_machine_stepper_reverse_rocking_standing,1,Original-CSV
173,vf-calves_smith_machine_stepper_reverse_rocking_standing,2,Original-CSV
174,vf-cardio_gym_crosstrainer,1,Original-CSV
175,vf-cardio_gym_ergometer_lying,1,Original-CSV
176,vf-cardio_gym_ergometer_seated,1,Original-CSV
177,vf-cardio_gym_rower,1,Original-CSV
178,vf-cardio_gym_stationary_cycling,1,Original-CSV
179,vf-cardio_gym_stepper,1,Original-CSV
180,vf-cardio_gym_treadmill,1,Original-CSV
181,vf-cardio_sport_badminton,1,Original-CSV
182,vf-cardio_sport_baseball,1,Original-CSV
183,vf-cardio_sport_basketball,1,Original-CSV
184,vf-cardio_sport_bb,1,Original-CSV
185,vf-cardio_sport_biking,1,Original-CSV
186,vf-cardio_sport_boxing,1,Original-CSV
187,vf-cardio_sport_climbing,1,Original-CSV
188,vf-cardio_sport_cross_country_skiing,1,Original-CSV
189,vf-cardio_sport_cross_skiing,1,Original-CSV
190,vf-cardio_sport_cross_snowboarding,1,Original-CSV
191,vf-cardio_sport_fighting,1,Original-CSV
192,vf-cardio_sport_football,1,Original-CSV
193,vf-cardio_sport_hiking,1,Original-CSV
194,vf-cardio_sport_inline_skaten,1,Original-CSV
195,vf-cardio_sport_jogging,1,Original-CSV
196,vf-cardio_sport_motocross,1,Original-CSV
197,vf-cardio_sport_nordic_walking,1,Original-CSV
198,vf-cardio_sport_paddling,1,Original-CSV
199,vf-cardio_sport_rowing,1,Original-CSV
200,vf-cardio_sport_soccer,1,Original-CSV
201,vf-cardio_sport_squash,1,Original-CSV
202,vf-cardio_sport_swimming,1,Original-CSV
203,vf-cardio_sport_table_tennis,1,Original-CSV
204,vf-cardio_sport_tennis,1,Original-CSV
205,vf-cardio_sport_volleyball,1,Original-CSV
206,vf-chest_bar_machine_dips_medium_grip,1,Original-CSV
207,vf-chest_bar_machine_dips_medium_grip,2,Original-CSV
208,vf-chest_bar_machine_dips_wide_grip,1,Original-CSV
209,vf-chest_bar_machine_dips_wide_grip,2,Original-CSV
210,vf-chest_barbell_floor_press_lying,1,Original-CSV
211,vf-chest_barbell_floor_press_lying,2,Original-CSV
212,vf-chest_barbell_landmine_press_standing,1,Original-CSV
213,vf-chest_barbell_landmine_press_standing,2,Original-CSV
214,vf-chest_bench_barbell_press_decline_medium_grip,1,Original-CSV
215,vf-chest_bench_barbell_press_decline_medium_grip,2,Original-CSV
216,vf-chest_bench_barbell_press_decline_wide_grip,1,Original-CSV
217,vf-chest_bench_barbell_press_decline_wide_grip,2,Original-CSV
218,vf-chest_bench_barbell_press_incline_medium_grip,1,Original-CSV
219,vf-chest_bench_barbell_press_incline_medium_grip,2,Original-CSV
220,vf-chest_bench_barbell_press_incline_wide_grip,1,Original-CSV
221,vf-chest_bench_barbell_press_incline_wide_grip,2,Original-CSV
222,vf-chest_bench_barbell_press_lying_medium_grip,1,Original-CSV
223,vf-chest_bench_barbell_press_lying_medium_grip,2,Original-CSV
224,vf-chest_bench_barbell_press_lying_wide_grip,1,Original-CSV
225,vf-chest_bench_barbell_press_lying_wide_grip,2,Original-CSV
226,vf-chest_bench_barbell_pullover_lying,1,Original-CSV
227,vf-chest_bench_barbell_pullover_lying,2,Original-CSV
228,vf-chest_bench_dumbbell_around_world_lying,1,Original-CSV
229,vf-chest_bench_dumbbell_around_world_lying,2,Original-CSV
230,vf-chest_bench_dumbbell_flys_decline,1,Original-CSV
231,vf-chest_bench_dumbbell_flys_decline,2,Original-CSV
232,vf-chest_bench_dumbbell_flys_incline,1,Original-CSV
233,vf-chest_bench_dumbbell_flys_incline,2,Original-CSV
234,vf-chest_bench_dumbbell_flys_lying,1,Original-CSV
235,vf-chest_bench_dumbbell_flys_lying,2,Original-CSV
236,vf-chest_bench_dumbbell_hex_press_lying,1,Original-CSV
237,vf-chest_bench_dumbbell_press_decline,1,Original-CSV
238,vf-chest_bench_dumbbell_press_decline,2,Original-CSV
239,vf-chest_bench_dumbbell_press_decline_hammer_grip,1,Original-CSV
240,vf-chest_bench_dumbbell_press_decline_hammer_grip,2,Original-CSV
241,vf-chest_bench_dumbbell_press_incline,1,Original-CSV
242,vf-chest_bench_dumbbell_press_incline,2,Original-CSV
243,vf-chest_bench_dumbbell_press_incline_hammer_grip,1,Original-CSV
244,vf-chest_bench_dumbbell_press_incline_hammer_grip,2,Original-CSV
245,vf-chest_bench_dumbbell_press_lying,1,Original-CSV
246,vf-chest_bench_dumbbell_press_lying,2,Original-CSV
247,vf-chest_bench_dumbbell_press_lying_hammer_grip,1,Original-CSV
248,vf-chest_bench_dumbbell_press_lying_hammer_grip,2,Original-CSV
249,vf-chest_bench_dumbbell_pullover_lying_both_arms,1,Original-CSV
250,vf-chest_bench_dumbbell_pullover_lying_both_arms,2,Original-CSV
251,vf-chest_bench_dumbbell_twist_in_flys_decline,1,Original-CSV
252,vf-chest_bench_dumbbell_twist_in_flys_decline,2,Original-CSV
253,vf-chest_bench_dumbbell_twist_in_flys_incline,1,Original-CSV
254,vf-chest_bench_dumbbell_twist_in_flys_incline,2,Original-CSV
255,vf-chest_bench_dumbbell_twist_in_flys_lying,1,Original-CSV
256,vf-chest_bench_dumbbell_twist_in_flys_lying,2,Original-CSV
257,vf-chest_bench_ezbar_pullover_lying,1,Original-CSV
258,vf-chest_bench_ezbar_pullover_lying,2,Original-CSV
259,vf-chest_bench_low_cable_press_lying_medium_grip,1,Original-CSV
260,vf-chest_bench_low_cable_press_lying_medium_grip,2,Original-CSV
261,vf-chest_bench_push_ups_incline,1,Original-CSV
262,vf-chest_bench_push_ups_incline,2,Original-CSV
263,vf-chest_high_cable_bench_pullover_lying_incline,1,Original-CSV
264,vf-chest_high_cable_bench_pullover_lying_incline,2,Original-CSV
265,vf-chest_high_cable_crossover_standing,1,Original-CSV
266,vf-chest_high_cable_crossover_standing,2,Original-CSV
267,vf-chest_high_cable_front_pushdown_standing_straight_arm,1,Original-CSV
268,vf-chest_high_cable_front_pushdown_standing_straight_arm,2,Original-CSV
269,vf-chest_low_cable_bench_flys_decline,1,Original-CSV
270,vf-chest_low_cable_bench_flys_decline,2,Original-CSV
271,vf-chest_low_cable_bench_flys_incline,1,Original-CSV
272,vf-chest_low_cable_bench_flys_incline,2,Original-CSV
273,vf-chest_low_cable_bench_flys_lying,1,Original-CSV
274,vf-chest_low_cable_bench_flys_lying,2,Original-CSV
275,vf-chest_machine_butterflys_seated,1,Original-CSV
276,vf-chest_machine_butterflys_seated,2,Original-CSV
277,vf-chest_machine_dips_medium_grip,1,Original-CSV
278,vf-chest_machine_dips_medium_grip,2,Original-CSV
279,vf-chest_machine_flys_seated,1,Original-CSV
280,vf-chest_machine_flys_seated,2,Original-CSV
281,vf-chest_machine_press_decline,1,Original-CSV
282,vf-chest_machine_press_decline,2,Original-CSV
283,vf-chest_machine_press_incline,1,Original-CSV
284,vf-chest_machine_press_incline,2,Original-CSV
285,vf-chest_machine_press_lying,1,Original-CSV
286,vf-chest_machine_press_lying,2,Original-CSV
287,vf-chest_machine_press_seated,1,Original-CSV
288,vf-chest_machine_press_seated,2,Original-CSV
289,vf-chest_plate_svend_press_standing,1,Original-CSV
290,vf-chest_plate_svend_press_standing,2,Original-CSV
291,vf-chest_push_ups_bench_decline,1,Original-CSV
292,vf-chest_push_ups_bench_decline,2,Original-CSV
293,vf-chest_push_ups_clapping,1,Original-CSV
294,vf-chest_push_ups_clapping,2,Original-CSV
295,vf-chest_push_ups_decline_wide_grip,1,Original-CSV
296,vf-chest_push_ups_decline_wide_grip,2,Original-CSV
297,vf-chest_push_ups_flat_wide_grip,1,Original-CSV
298,vf-chest_push_ups_flat_wide_grip,2,Original-CSV
299,vf-chest_push_ups_medium_grip,1,Original-CSV
300,vf-chest_push_ups_medium_grip,2,Original-CSV
301,vf-chest_smith_machine_barbell_press_decline_medium_grip,1,Original-CSV
302,vf-chest_smith_machine_barbell_press_decline_medium_grip,2,Original-CSV
303,vf-chest_smith_machine_barbell_press_decline_wide_grip,1,Original-CSV
304,vf-chest_smith_machine_barbell_press_decline_wide_grip,2,Original-CSV
305,vf-chest_smith_machine_barbell_press_incline_medium_grip,1,Original-CSV
306,vf-chest_smith_machine_barbell_press_incline_medium_grip,2,Original-CSV
307,vf-chest_smith_machine_barbell_press_incline_wide_grip,1,Original-CSV
308,vf-chest_smith_machine_barbell_press_incline_wide_grip,2,Original-CSV
309,vf-chest_smith_machine_barbell_press_lying_medium_grip,1,Original-CSV
310,vf-chest_smith_machine_barbell_press_lying_medium_grip,2,Original-CSV
311,vf-chest_smith_machine_barbell_press_lying_wide_grip,1,Original-CSV
312,vf-chest_smith_machine_barbell_press_lying_wide_grip,2,Original-CSV
313,vf-forearm_barbell_reverse_curls_standing,1,Original-CSV
314,vf-forearm_barbell_reverse_curls_standing,2,Original-CSV
315,vf-forearm_barbell_wrist_curl_seated,1,Original-CSV
316,vf-forearm_barbell_wrist_curl_seated,2,Original-CSV
317,vf-forearm_barbell_wrist_curls_standing,1,Original-CSV
318,vf-forearm_barbell_wrist_curls_standing,2,Original-CSV
319,vf-forearm_barbell_wrist_curls_standing_behind_back,1,Original-CSV
320,vf-forearm_barbell_wrist_curls_standing_behind_back,2,Original-CSV
321,vf-forearm_cable_side_curl_seated_single_arm,1,Original-CSV
322,vf-forearm_cable_side_curl_seated_single_arm,2,Original-CSV
323,vf-forearm_dumbbell_wrist_curl_seated,1,Original-CSV
324,vf-forearm_dumbbell_wrist_curl_seated,2,Original-CSV
325,vf-forearm_ezbar_wrist_curl_seated,1,Original-CSV
326,vf-forearm_ezbar_wrist_curl_seated,2,Original-CSV
327,vf-forearm_low_cable_bench_reverse_curl_seated_incline,1,Original-CSV
328,vf-forearm_low_cable_bench_reverse_curl_seated_incline,2,Original-CSV
329,vf-forearm_low_cable_reverse_curls_standing,1,Original-CSV
330,vf-forearm_low_cable_reverse_curls_standing,2,Original-CSV
331,vf-forearm_low_cable_wrist_curl_standing,1,Original-CSV
332,vf-forearm_low_cable_wrist_curl_standing,2,Original-CSV
333,vf-forearm_plate_hand_squeeze_standing,1,Original-CSV
334,vf-forearm_plate_hand_squeeze_standing,2,Original-CSV
335,vf-forearm_plate_reverse_curls_standing,1,Original-CSV
336,vf-forearm_plate_reverse_curls_standing,2,Original-CSV
337,vf-forearm_scott_machine_ezbar_curl_seated_close_grip,1,Original-CSV
338,vf-forearm_scott_machine_ezbar_curl_seated_close_grip,2,Original-CSV
339,vf-gluteus_barbell_bench_hip_thrust_lying,1,Original-CSV
340,vf-gluteus_barbell_bench_hip_thrust_lying,2,Original-CSV
341,vf-gluteus_low_cable_hip_extension_standing,1,Original-CSV
342,vf-gluteus_low_cable_hip_extension_standing,2,Original-CSV
343,vf-gluteus_machine_hip_extension_standing,1,Original-CSV
344,vf-gluteus_machine_hip_extension_standing,2,Original-CSV
345,vf-gluteus_mat_hip_extension_kneeling_bent_leg,1,Original-CSV
346,vf-gluteus_mat_hip_extension_kneeling_bent_leg,2,Original-CSV
347,vf-gluteus_mat_leg_kickbacks_kneeling_bent_leg,1,Original-CSV
348,vf-gluteus_mat_leg_kickbacks_kneeling_bent_leg,2,Original-CSV
349,vf-hamstrings_low_cable_curl_standing,1,Original-CSV
350,vf-hamstrings_low_cable_curl_standing,2,Original-CSV
351,vf-hamstrings_machine_curl_lying,1,Original-CSV
352,vf-hamstrings_machine_curl_lying,2,Original-CSV
353,vf-hamstrings_machine_curl_seated,1,Original-CSV
354,vf-hamstrings_machine_curl_seated,2,Original-CSV
355,vf-hamstrings_machine_curl_standing,1,Original-CSV
356,vf-hamstrings_machine_curl_standing,2,Original-CSV
357,vf-lat_bar_pullups_overhand_medium_grip,1,Original-CSV
358,vf-lat_bar_pullups_overhand_medium_grip,2,Original-CSV
359,vf-lat_bar_pullups_overhand_wide_grip,1,Original-CSV
360,vf-lat_bar_pullups_overhand_wide_grip,2,Original-CSV
361,vf-lat_bar_pullups_underhand_medium_grip,1,Original-CSV
362,vf-lat_bar_pullups_underhand_medium_grip,2,Original-CSV
363,vf-lat_bar_pullups_underhand_wide_grip,1,Original-CSV
364,vf-lat_bar_pullups_underhand_wide_grip,2,Original-CSV
365,vf-lat_barbell_row_bent_over_underhand_grip,1,Original-CSV
366,vf-lat_barbell_row_bent_over_underhand_grip,2,Original-CSV
367,vf-lat_barbell_row_standing_bent_over_medium_grip,1,Original-CSV
368,vf-lat_barbell_row_standing_bent_over_medium_grip,2,Original-CSV
369,vf-lat_barbell_tipup_bent_over_close_grip,1,Original-CSV
370,vf-lat_barbell_tipup_bent_over_close_grip,2,Original-CSV
371,vf-lat_bench_dumbbell_reverse_flys_lying,1,Original-CSV
372,vf-lat_bench_dumbbell_reverse_flys_lying,2,Original-CSV
373,vf-lat_dumbbell_kroc_rows_bent_over,1,Original-CSV
374,vf-lat_dumbbell_kroc_rows_bent_over,2,Original-CSV
375,vf-lat_dumbbell_row_standing_bent_over,1,Original-CSV
376,vf-lat_high_bench_barbell_row_lying,1,Original-CSV
377,vf-lat_high_bench_barbell_row_lying,2,Original-CSV
378,vf-lat_high_bench_dumbbell_row_lying,1,Original-CSV
379,vf-lat_high_bench_dumbbell_row_lying,2,Original-CSV
380,vf-lat_leverage_machine_pulldown_seated,1,Original-CSV
381,vf-lat_leverage_machine_pulldown_seated,2,Original-CSV
382,vf-lat_leverage_machine_row_seated,1,Original-CSV
383,vf-lat_leverage_machine_row_seated,2,Original-CSV
384,vf-lat_low_cable_row_seated,1,Original-CSV
385,vf-lat_low_cable_row_seated,2,Original-CSV
386,vf-lat_low_cable_row_standing_bent_over,1,Original-CSV
387,vf-lat_machine_chest_pulldown_overhand_close_grip,1,Original-CSV
388,vf-lat_machine_chest_pulldown_overhand_close_grip,2,Original-CSV
389,vf-lat_machine_chest_pulldown_overhand_wide_grip,1,Original-CSV
390,vf-lat_machine_chest_pulldown_overhand_wide_grip,2,Original-CSV
391,vf-lat_machine_chest_pulldown_underhand_close_grip,1,Original-CSV
392,vf-lat_machine_chest_pulldown_underhand_close_grip,2,Original-CSV
393,vf-lat_machine_neck_pulldown_wide_grip,1,Original-CSV
394,vf-lat_machine_neck_pulldown_wide_grip,2,Original-CSV
395,vf-lat_machine_reverse_flys_lying,1,Original-CSV
396,vf-lat_machine_reverse_flys_lying,2,Original-CSV
397,vf-lat_machine_reverse_flys_seated,1,Original-CSV
398,vf-lat_machine_reverse_flys_seated,2,Original-CSV
399,vf-lat_machine_supported_pullups_overhand_medium_grip,1,Original-CSV
400,vf-lat_machine_supported_pullups_overhand_medium_grip,2,Original-CSV
401,vf-lat_machine_supported_pullups_overhand_wide_grip,1,Original-CSV
402,vf-lat_machine_supported_pullups_overhand_wide_grip,2,Original-CSV
403,vf-lat_machine_supported_pullups_underhand_medium_grip,1,Original-CSV
404,vf-lat_machine_supported_pullups_underhand_medium_grip,2,Original-CSV
405,vf-lat_machine_supported_pullups_underhand_wide_grip,1,Original-CSV
406,vf-lat_machine_supported_pullups_underhand_wide_grip,2,Original-CSV
407,vf-lat_smith_machine_row_bent_over,1,Original-CSV
408,vf-lat_smith_machine_row_bent_over,2,Original-CSV
409,vf-lower_back_barbell_good_mornings_seated,1,Original-CSV
410,vf-lower_back_barbell_good_mornings_seated,2,Original-CSV
411,vf-lower_back_barbell_good_mornings_standing,1,Original-CSV
412,vf-lower_back_barbell_good_mornings_standing,2,Original-CSV
413,vf-lower_back_barbell_sumo_deadlift_standing_wide_feet,1,Original-CSV
414,vf-lower_back_barbell_sumo_deadlift_standing_wide_feet,2,Original-CSV
415,vf-lower_back_bench_hyperextensions_lying,1,Original-CSV
416,vf-lower_back_bench_hyperextensions_lying,2,Original-CSV
417,vf-lower_back_machine_hyperextensions_incline,1,Original-CSV
418,vf-lower_back_machine_hyperextensions_incline,2,Original-CSV
419,vf-lower_back_machine_hyperextensions_seated,1,Original-CSV
420,vf-lower_back_machine_hyperextensions_seated,2,Original-CSV
421,vf-lower_back_mat_back_curls_lying,1,Original-CSV
422,vf-lower_back_mat_back_curls_lying,2,Original-CSV
423,vf-lower_back_mat_cat_stretch_kneeling,1,Original-CSV
424,vf-lower_back_mat_cat_stretch_kneeling,2,Original-CSV
425,vf-lower_back_smith_machine_pulls_standing,1,Original-CSV
426,vf-lower_back_smith_machine_pulls_standing,2,Original-CSV
427,vf-quads_barbell_deadlift_standing,1,Original-CSV
428,vf-quads_barbell_deadlift_standing,2,Original-CSV
429,vf-quads_barbell_front_squats_standing,1,Original-CSV
430,vf-quads_barbell_front_squats_standing,2,Original-CSV
431,vf-quads_barbell_hack_squats_standing,1,Original-CSV
432,vf-quads_barbell_hack_squats_standing,2,Original-CSV
433,vf-quads_barbell_lunges,1,Original-CSV
434,vf-quads_barbell_lunges,2,Original-CSV
435,vf-quads_barbell_squats_standing,1,Original-CSV
436,vf-quads_barbell_squats_standing,2,Original-CSV
437,vf-quads_barbell_step_ups_standing,1,Original-CSV
438,vf-quads_barbell_step_ups_standing,2,Original-CSV
439,vf-quads_dumbbell_deadlift_standing,1,Original-CSV
440,vf-quads_dumbbell_deadlift_standing,2,Original-CSV
441,vf-quads_dumbbell_goblet_standing,1,Original-CSV
442,vf-quads_dumbbell_goblet_standing,2,Original-CSV
443,vf-quads_dumbbell_lunges,1,Original-CSV
444,vf-quads_dumbbell_lunges,2,Original-CSV
445,vf-quads_dumbbell_step_ups_standing,1,Original-CSV
446,vf-quads_dumbbell_step_ups_standing,2,Original-CSV
447,vf-quads_leverage_machine_squats_standing,1,Original-CSV
448,vf-quads_leverage_machine_squats_standing,2,Original-CSV
449,vf-quads_low_cable_abduction_press_standing,1,Original-CSV
450,vf-quads_low_cable_abduction_press_standing,2,Original-CSV
451,vf-quads_low_cable_adduction_press_standing,1,Original-CSV
452,vf-quads_low_cable_adduction_press_standing,2,Original-CSV
453,vf-quads_lower_cable_deadlift_standing,1,Original-CSV
454,vf-quads_lower_cable_deadlift_standing,2,Original-CSV
455,vf-quads_machine_abduction_press_seated,1,Original-CSV
456,vf-quads_machine_abduction_press_seated,2,Original-CSV
457,vf-quads_machine_adduction_press_seated,1,Original-CSV
458,vf-quads_machine_adduction_press_seated,2,Original-CSV
459,vf-quads_machine_leg_extension_seated,1,Original-CSV
460,vf-quads_machine_leg_extension_seated,2,Original-CSV
461,vf-quads_machine_leg_press_incline,1,Original-CSV
462,vf-quads_machine_leg_press_incline,2,Original-CSV
463,vf-quads_machine_leg_press_incline_wide_legs,1,Original-CSV
464,vf-quads_machine_leg_press_incline_wide_legs,2,Original-CSV
465,vf-quads_machine_squats_incline,1,Original-CSV
466,vf-quads_machine_squats_incline,2,Original-CSV
467,vf-quads_mat_leg_side_raise_lying,1,Original-CSV
468,vf-quads_mat_leg_side_raise_lying,2,Original-CSV
469,vf-quads_plate_goblet_standing,1,Original-CSV
470,vf-quads_plate_goblet_standing,2,Original-CSV
471,vf-quads_smith_machine_front_squats_standing,1,Original-CSV
472,vf-quads_smith_machine_front_squats_standing,2,Original-CSV
473,vf-quads_smith_machine_hack_squats_standing,1,Original-CSV
474,vf-quads_smith_machine_hack_squats_standing,2,Original-CSV
475,vf-shoulders_barbell_front_raise_standing,1,Original-CSV
476,vf-shoulders_barbell_front_raise_standing,2,Original-CSV
477,vf-shoulders_barbell_neck_press_standing,1,Original-CSV
478,vf-shoulders_barbell_neck_press_standing,2,Original-CSV
479,vf-shoulders_barbell_press_standing,1,Original-CSV
480,vf-shoulders_barbell_press_standing,2,Original-CSV
481,vf-shoulders_barbell_upright_row_standing,1,Original-CSV
482,vf-shoulders_barbell_upright_row_standing,2,Original-CSV
483,vf-shoulders_dumbbell_arnold_press_standing,1,Original-CSV
484,vf-shoulders_dumbbell_arnold_press_standing,2,Original-CSV
485,vf-shoulders_dumbbell_front_raise_standing,1,Original-CSV
486,vf-shoulders_dumbbell_front_raise_standing,2,Original-CSV
487,vf-shoulders_dumbbell_lateral_raise_standing,1,Original-CSV
488,vf-shoulders_dumbbell_lateral_raise_standing,2,Original-CSV
489,vf-shoulders_dumbbell_lateral_raise_standing_bent_over,1,Original-CSV
490,vf-shoulders_dumbbell_lateral_raise_standing_bent_over,2,Original-CSV
491,vf-shoulders_dumbbell_press_standing,1,Original-CSV
492,vf-shoulders_dumbbell_press_standing,2,Original-CSV
493,vf-shoulders_dumbbell_upright_row_standing,1,Original-CSV
494,vf-shoulders_dumbbell_upright_row_standing,2,Original-CSV
495,vf-shoulders_kettlebell_turkish_getup_kneeling,1,Original-CSV
496,vf-shoulders_kettlebell_turkish_getup_kneeling,2,Original-CSV
497,vf-shoulders_low_cable_front_raise_standing_single_arm,1,Original-CSV
498,vf-shoulders_low_cable_front_raise_standing_single_arm,2,Original-CSV
499,vf-shoulders_low_cable_lateral_raise_standing_single_arm,1,Original-CSV
500,vf-shoulders_low_cable_lateral_raise_standing_single_arm,2,Original-CSV
501,vf-shoulders_low_cable_robe_front_raise_standing,1,Original-CSV
502,vf-shoulders_low_cable_robe_front_raise_standing,2,Original-CSV
503,vf-shoulders_low_cable_upright_row_standing,1,Original-CSV
504,vf-shoulders_low_cable_upright_row_standing,2,Original-CSV
505,vf-shoulders_machine_lateral_raise_seated,1,Original-CSV
506,vf-shoulders_machine_lateral_raise_seated,2,Original-CSV
507,vf-shoulders_machine_press_seated,1,Original-CSV
508,vf-shoulders_machine_press_seated,2,Original-CSV
509,vf-shoulders_plate_front_raise_standing,1,Original-CSV
510,vf-shoulders_plate_front_raise_standing,2,Original-CSV
511,vf-shoulders_push_ups_handstand,1,Original-CSV
512,vf-shoulders_push_ups_handstand,2,Original-CSV
513,vf-shoulders_smith_machine_press_seated,1,Original-CSV
514,vf-shoulders_smith_machine_press_seated,2,Original-CSV
515,vf-shoulders_smith_machine_upright_row_standing,1,Original-CSV
516,vf-shoulders_smith_machine_upright_row_standing,2,Original-CSV
517,vf-traps_barbell_shrugs_behind_back_standing,1,Original-CSV
518,vf-traps_barbell_shrugs_behind_back_standing,2,Original-CSV
519,vf-traps_barbell_shrugs_standing,1,Original-CSV
520,vf-traps_barbell_shrugs_standing,2,Original-CSV
521,vf-traps_dumbbell_shrugs_standing,1,Original-CSV
522,vf-traps_dumbbell_shrugs_standing,2,Original-CSV
523,vf-traps_dumbbells_y_raise_standing,1,Original-CSV
524,vf-traps_dumbbells_y_raise_standing,2,Original-CSV
525,vf-traps_machine_shrugs_seated,1,Original-CSV
526,vf-traps_machine_shrugs_seated,2,Original-CSV
527,vf-traps_smith_machine_behind_back_shrugs_standing,1,Original-CSV
528,vf-traps_smith_machine_behind_back_shrugs_standing,2,Original-CSV
529,vf-traps_smith_machine_shrugs_standing,1,Original-CSV
530,vf-traps_smith_machine_shrugs_standing,2,Original-CSV
531,vf-triceps_bar_dips_medium_grip,1,Original-CSV
532,vf-triceps_bar_dips_medium_grip,2,Original-CSV
533,vf-triceps_bar_dips_wide_grip,1,Original-CSV
534,vf-triceps_bar_dips_wide_grip,2,Original-CSV
535,vf-triceps_bar_supported_dips_medium_grip,1,Original-CSV
536,vf-triceps_bar_supported_dips_medium_grip,2,Original-CSV
537,vf-triceps_bench_barbell_press_lying_close_grip,1,Original-CSV
538,vf-triceps_bench_barbell_press_lying_close_grip,2,Original-CSV
539,vf-triceps_bench_barbell_press_lying_decline_close_grip,1,Original-CSV
540,vf-triceps_bench_barbell_press_lying_decline_close_grip,2,Original-CSV
541,vf-triceps_bench_barbell_press_lying_incline_close_grip,1,Original-CSV
542,vf-triceps_bench_barbell_press_lying_incline_close_grip,2,Original-CSV
543,vf-triceps_bench_dips_raised_legs,1,Original-CSV
544,vf-triceps_bench_dips_raised_legs,2,Original-CSV
545,vf-triceps_bench_dumbbell_kickbacks_bent_over,1,Original-CSV
546,vf-triceps_bench_dumbbell_kickbacks_bent_over,2,Original-CSV
547,vf-triceps_bench_dumbbell_overhead_french_press_seated_both_arms,1,Original-CSV
548,vf-triceps_bench_dumbbell_overhead_french_press_seated_both_arms,2,Original-CSV
549,vf-triceps_bench_dumbbell_overhead_french_press_seated_incline,1,Original-CSV
550,vf-triceps_bench_dumbbell_overhead_french_press_seated_incline,2,Bildbeschriftung (rekonstruiert)
551,vf-triceps_dumbbell_overhead_extension_seated_single_arm,1,Bildbeschriftung (rekonstruiert)
552,vf-triceps_dumbbell_overhead_extension_seated_single_arm,2,Bildbeschriftung (rekonstruiert)
553,vf-triceps_bench_dumbbell_tate_press_lying,1,Bildbeschriftung (rekonstruiert)
554,vf-triceps_bench_dumbbell_tate_press_lying,2,Bildbeschriftung (rekonstruiert)
555,vf-triceps_bench_ezbar_french_press_lying,1,Bildbeschriftung (rekonstruiert)
556,vf-triceps_bench_ezbar_french_press_lying,2,Bildbeschriftung (rekonstruiert)
557,vf-triceps_bench_ezbar_french_press_lying_close_underhand_grip,1,Bildbeschriftung (rekonstruiert)
558,vf-triceps_bench_ezbar_french_press_lying_close_underhand_grip,2,Bildbeschriftung (rekonstruiert)
559,vf-triceps_bench_ezbar_french_press_decline,1,Bildbeschriftung (rekonstruiert)
560,vf-triceps_bench_ezbar_french_press_decline,2,Bildbeschriftung (rekonstruiert)
561,vf-triceps_bench_ezbar_french_press_incline,1,Bildbeschriftung (rekonstruiert)
562,vf-triceps_bench_ezbar_french_press_incline,2,Bildbeschriftung (rekonstruiert)
563,vf-triceps_ezbar_overhead_extension_seated,1,Bildbeschriftung (rekonstruiert)
564,vf-triceps_ezbar_overhead_extension_seated,2,Bildbeschriftung (rekonstruiert)
565,vf-triceps_cable_bench_french_press_incline,1,Bildbeschriftung (rekonstruiert)
566,vf-triceps_cable_bench_french_press_incline,2,Bildbeschriftung (rekonstruiert)
567,vf-triceps_cable_overhead_extension_kneeling_v_grip,1,Bildbeschriftung (rekonstruiert)
568,vf-triceps_cable_overhead_extension_kneeling_v_grip,2,Bildbeschriftung (rekonstruiert)
569,vf-triceps_cable_concentration_extension_kneeling_single_arm,1,Bildbeschriftung (rekonstruiert)
570,vf-triceps_cable_concentration_extension_kneeling_single_arm,2,Bildbeschriftung (rekonstruiert)
571,vf-triceps_cable_overhead_extension_standing_bent_over_rope,1,Bildbeschriftung (rekonstruiert)
572,vf-triceps_cable_overhead_extension_standing_bent_over_rope,2,Bildbeschriftung (rekonstruiert)
573,vf-triceps_cable_pushdown_standing_rope,1,Bildbeschriftung (rekonstruiert)
574,vf-triceps_cable_pushdown_standing_rope,2,Bildbeschriftung (rekonstruiert)
575,vf-triceps_cable_pushdown_standing_underhand_v_grip,1,Bildbeschriftung (rekonstruiert)
576,vf-triceps_cable_pushdown_standing_underhand_v_grip,2,Bildbeschriftung (rekonstruiert)
577,vf-triceps_cable_pushdown_standing_overhand_v_grip,1,Bildbeschriftung (rekonstruiert)
578,vf-triceps_cable_pushdown_standing_overhand_v_grip,2,Bildbeschriftung (rekonstruiert)
579,vf-triceps_cable_bench_french_press_lying,1,Bildbeschriftung (rekonstruiert)
580,vf-triceps_cable_bench_french_press_lying,2,Bildbeschriftung (rekonstruiert)
581,vf-triceps_cable_kickbacks_bent_over,1,Bildbeschriftung (rekonstruiert)
582,vf-triceps_cable_kickbacks_bent_over,2,Bildbeschriftung (rekonstruiert)
583,vf-triceps_cable_overhead_extension_standing_rope,1,Bildbeschriftung (rekonstruiert)
584,vf-triceps_cable_overhead_extension_standing_rope,2,Bildbeschriftung (rekonstruiert)
585,vf-triceps_machine_elbow_extension_seated,1,Bildbeschriftung (rekonstruiert)
586,vf-triceps_machine_elbow_extension_seated,2,Bildbeschriftung (rekonstruiert)
587,vf-triceps_machine_dips_seated,1,Bildbeschriftung (rekonstruiert)
588,vf-triceps_machine_dips_seated,2,Bildbeschriftung (rekonstruiert)
589,vf-triceps_push_ups_close_grip,1,Bildbeschriftung (rekonstruiert)
590,vf-triceps_push_ups_close_grip,2,Bildbeschriftung (rekonstruiert)
591,vf-triceps_smith_machine_press_lying_close_grip,1,Bildbeschriftung (rekonstruiert)
592,vf-triceps_smith_machine_press_lying_close_grip,2,Bildbeschriftung (rekonstruiert)
593,vf-triceps_smith_machine_press_decline_close_grip,1,Bildbeschriftung (rekonstruiert)
594,vf-triceps_smith_machine_press_decline_close_grip,2,Bildbeschriftung (rekonstruiert)
595,vf-triceps_smith_machine_press_incline_close_grip,1,Bildbeschriftung (rekonstruiert)
596,vf-triceps_smith_machine_press_incline_close_grip,2,Bildbeschriftung (rekonstruiert)
